date,DMSO,time_of_day_hr,cell_line,count_E6/ml,weight_g,weight_g_minusFlask,total_count_E6,dilution_factor,effective_count_E6,effective_density_1E6_ml
20111116,FALSE,13,sgCtrl1,0.18,84.9,24.3,4.374,1,4.374,0.18
20111116,FALSE,13,sgCtrl1,0.21,84.9,24.3,5.103,1,5.103,0.21
20111116,FALSE,13,sgCtrl1,0.15,84.9,24.3,3.645,1,3.645,0.15
20111116,FALSE,13,sgCEBPE,0.21,84.8,24.2,5.082,1,5.082,0.21
20111116,FALSE,13,sgCEBPE,0.2,84.8,24.2,4.84,1,4.84,0.2
20111116,FALSE,13,sgCEBPE,0.25,84.8,24.2,6.05,1,6.05,0.25
20111116,FALSE,13,sgSPI1,0.23,85,24.4,5.612,1,5.612,0.23
20111116,FALSE,13,sgSPI1,0.19,85,24.4,4.636,1,4.636,0.19
20111116,FALSE,13,sgSPI1,0.22,85,24.4,5.368,1,5.368,0.22
20111116,FALSE,13,sgFLCN,0.2,84.8,24.2,4.84,1,4.84,0.2
20111116,FALSE,13,sgFLCN,0.22,84.8,24.2,5.324,1,5.324,0.22
20111116,FALSE,13,sgFLCN,0.16,84.8,24.2,3.872,1,3.872,0.16
20111116,FALSE,13,sgTSC1,0.18,84.7,24.1,4.338,1,4.338,0.18
20111116,FALSE,13,sgTSC1,0.2,84.7,24.1,4.82,1,4.82,0.2
20111116,FALSE,13,sgTSC1,0.17,84.7,24.1,4.097,1,4.097,0.17
20111116,FALSE,13,sgLAMTOR1,0.18,84.7,24.1,4.338,1,4.338,0.18
20111116,FALSE,13,sgLAMTOR1,0.18,84.7,24.1,4.338,1,4.338,0.18
20111116,FALSE,13,sgLAMTOR1,0.16,84.7,24.1,3.856,1,3.856,0.16
20111116,FALSE,13,sgRICTOR,0.22,85.5,24.9,5.478,1,5.478,0.22
20111116,FALSE,13,sgRICTOR,0.26,85.5,24.9,6.474,1,6.474,0.26
20111116,FALSE,13,sgRICTOR,0.18,85.5,24.9,4.482,1,4.482,0.18
20111116,TRUE,13,sgCtrl1,0.24,90.7,30.1,7.224,1,7.224,0.24
20111116,TRUE,13,sgCtrl1,0.3,90.7,30.1,9.03,1,9.03,0.3
20111116,TRUE,13,sgCtrl1,0.19,90.7,30.1,5.719,1,5.719,0.19
20111116,TRUE,13,sgCEBPE,0.3,90.5,29.9,8.97,1,8.97,0.3
20111116,TRUE,13,sgCEBPE,0.25,90.5,29.9,7.475,1,7.475,0.25
20111116,TRUE,13,sgCEBPE,0.3,90.5,29.9,8.97,1,8.97,0.3
20111116,TRUE,13,sgSPI1,0.3,90.5,29.9,8.97,1,8.97,0.3
20111116,TRUE,13,sgSPI1,0.29,90.5,29.9,8.671,1,8.671,0.29
20111116,TRUE,13,sgSPI1,0.28,90.5,29.9,8.372,1,8.372,0.28
20111116,TRUE,13,sgFLCN,0.3,90.6,30,9,1,9,0.3
20111116,TRUE,13,sgFLCN,0.28,90.6,30,8.4,1,8.4,0.28
20111116,TRUE,13,sgFLCN,0.28,90.6,30,8.4,1,8.4,0.28
20111116,TRUE,13,sgTSC1,0.29,90.6,30,8.7,1,8.7,0.29
20111116,TRUE,13,sgTSC1,0.29,90.6,30,8.7,1,8.7,0.29
20111116,TRUE,13,sgTSC1,0.26,90.6,30,7.8,1,7.8,0.26
20111116,TRUE,13,sgLAMTOR1,0.26,90.5,29.9,7.774,1,7.774,0.26
20111116,TRUE,13,sgLAMTOR1,0.23,90.5,29.9,6.877,1,6.877,0.23
20111116,TRUE,13,sgLAMTOR1,0.32,90.5,29.9,9.568,1,9.568,0.32
20111116,TRUE,13,sgRICTOR,0.24,90.7,30.1,7.224,1,7.224,0.24
20111116,TRUE,13,sgRICTOR,0.3,90.7,30.1,9.03,1,9.03,0.3
20111116,TRUE,13,sgRICTOR,0.22,90.7,30.1,6.622,1,6.622,0.22
20111117,FALSE,10,sgCtrl1,0.35,84.7,24.1,8.435,1,8.435,0.35
20111117,FALSE,10,sgCtrl1,0.35,84.7,24.1,8.435,1,8.435,0.35
20111117,FALSE,10,sgCtrl1,0.36,84.7,24.1,8.676,1,8.676,0.36
20111117,FALSE,10,sgCEBPE,0.41,84.7,24.1,9.881,1,9.881,0.41
20111117,FALSE,10,sgCEBPE,0.39,84.7,24.1,9.399,1,9.399,0.39
20111117,FALSE,10,sgCEBPE,0.39,84.7,24.1,9.399,1,9.399,0.39
20111117,FALSE,10,sgSPI1,0.28,84.8,24.2,6.776,1,6.776,0.28
20111117,FALSE,10,sgSPI1,0.34,84.8,24.2,8.228,1,8.228,0.34
20111117,FALSE,10,sgSPI1,0.31,84.8,24.2,7.502,1,7.502,0.31
20111117,FALSE,10,sgFLCN,0.4,84.7,24.1,9.64,1,9.64,0.4
20111117,FALSE,10,sgFLCN,0.37,84.7,24.1,8.917,1,8.917,0.37
20111117,FALSE,10,sgFLCN,0.39,84.7,24.1,9.399,1,9.399,0.39
20111117,FALSE,10,sgTSC1,0.33,84.5,23.9,7.887,1,7.887,0.33
20111117,FALSE,10,sgTSC1,0.38,84.5,23.9,9.082,1,9.082,0.38
20111117,FALSE,10,sgTSC1,0.4,84.5,23.9,9.56,1,9.56,0.4
20111117,FALSE,10,sgLAMTOR1,0.39,84.6,24,9.36,1,9.36,0.39
20111117,FALSE,10,sgLAMTOR1,0.39,84.6,24,9.36,1,9.36,0.39
20111117,FALSE,10,sgLAMTOR1,0.37,84.6,24,8.88,1,8.88,0.37
20111117,FALSE,10,sgRICTOR,0.47,85.1,24.5,11.515,1,11.515,0.47
20111117,FALSE,10,sgRICTOR,0.5,85.1,24.5,12.25,1,12.25,0.5
20111117,FALSE,10,sgRICTOR,0.48,85.1,24.5,11.76,1,11.76,0.48
20111117,TRUE,10,sgCtrl1,0.56,90.5,29.9,16.744,1,16.744,0.56
20111117,TRUE,10,sgCtrl1,0.51,90.5,29.9,15.249,1,15.249,0.51
20111117,TRUE,10,sgCtrl1,0.52,90.5,29.9,15.548,1,15.548,0.52
20111117,TRUE,10,sgCEBPE,0.65,90.3,29.7,19.305,1,19.305,0.65
20111117,TRUE,10,sgCEBPE,0.57,90.3,29.7,16.929,1,16.929,0.57
20111117,TRUE,10,sgCEBPE,0.6,90.3,29.7,17.82,1,17.82,0.6
20111117,TRUE,10,sgSPI1,0.5,90.3,29.7,14.85,1,14.85,0.5
20111117,TRUE,10,sgSPI1,0.51,90.3,29.7,15.147,1,15.147,0.51
20111117,TRUE,10,sgSPI1,0.58,90.3,29.7,17.226,1,17.226,0.58
20111117,TRUE,10,sgFLCN,0.63,90.6,30,18.9,1,18.9,0.63
20111117,TRUE,10,sgFLCN,0.68,90.6,30,20.4,1,20.4,0.68
20111117,TRUE,10,sgFLCN,0.68,90.6,30,20.4,1,20.4,0.68
20111117,TRUE,10,sgTSC1,0.6,90.3,29.7,17.82,1,17.82,0.6
20111117,TRUE,10,sgTSC1,0.58,90.3,29.7,17.226,1,17.226,0.58
20111117,TRUE,10,sgTSC1,0.74,90.3,29.7,21.978,1,21.978,0.74
20111117,TRUE,10,sgLAMTOR1,0.69,90.3,29.7,20.493,1,20.493,0.69
20111117,TRUE,10,sgLAMTOR1,0.65,90.3,29.7,19.305,1,19.305,0.65
20111117,TRUE,10,sgLAMTOR1,0.73,90.3,29.7,21.681,1,21.681,0.73
20111117,TRUE,10,sgRICTOR,0.69,90.4,29.8,20.562,1,20.562,0.69
20111117,TRUE,10,sgRICTOR,0.65,90.4,29.8,19.37,1,19.37,0.65
20111117,TRUE,10,sgRICTOR,0.73,90.4,29.8,21.754,1,21.754,0.73
20111118,FALSE,13,sgCtrl1,0.8,84.5,23.9,19.12,1,19.12,0.8
20111118,FALSE,13,sgCtrl1,0.85,84.5,23.9,20.315,1,20.315,0.85
20111118,FALSE,13,sgCtrl1,0.83,84.5,23.9,19.837,1,19.837,0.83
20111118,FALSE,13,sgCEBPE,0.82,84.4,23.8,19.516,1,19.516,0.82
20111118,FALSE,13,sgCEBPE,0.85,84.4,23.8,20.23,1,20.23,0.85
20111118,FALSE,13,sgCEBPE,0.85,84.4,23.8,20.23,1,20.23,0.85
20111118,FALSE,13,sgSPI1,0.75,84.5,23.9,17.925,1,17.925,0.75
20111118,FALSE,13,sgSPI1,0.77,84.5,23.9,18.403,1,18.403,0.77
20111118,FALSE,13,sgSPI1,0.85,84.5,23.9,20.315,1,20.315,0.85
20111118,FALSE,13,sgFLCN,0.94,84.5,23.9,22.466,1,22.466,0.94
20111118,FALSE,13,sgFLCN,0.95,84.5,23.9,22.705,1,22.705,0.95
20111118,FALSE,13,sgFLCN,0.91,84.5,23.9,21.749,1,21.749,0.91
20111118,FALSE,13,sgTSC1,0.98,84.2,23.6,23.128,1,23.128,0.98
20111118,FALSE,13,sgTSC1,0.97,84.2,23.6,22.892,1,22.892,0.97
20111118,FALSE,13,sgTSC1,0.97,84.2,23.6,22.892,1,22.892,0.97
20111118,FALSE,13,sgLAMTOR1,0.78,84.4,23.8,18.564,1,18.564,0.78
20111118,FALSE,13,sgLAMTOR1,0.91,84.4,23.8,21.658,1,21.658,0.91
20111118,FALSE,13,sgLAMTOR1,0.93,84.4,23.8,22.134,1,22.134,0.93
20111118,FALSE,13,sgRICTOR,0.98,85,24.4,23.912,1,23.912,0.98
20111118,FALSE,13,sgRICTOR,1.13,85,24.4,27.572,1,27.572,1.13
20111118,FALSE,13,sgRICTOR,1.04,85,24.4,25.376,1,25.376,1.04
20111118,TRUE,11.5,sgCtrl1,0.97,90.2,29.6,28.712,1,28.712,0.97
20111118,TRUE,11.5,sgCtrl1,1,90.2,29.6,29.6,1,29.6,1
20111118,TRUE,11.5,sgCtrl1,0.96,90.2,29.6,28.416,1,28.416,0.96
20111118,TRUE,11.5,sgCEBPE,1.02,90,29.4,29.988,1,29.988,1.02
20111118,TRUE,11.5,sgCEBPE,0.96,90,29.4,28.224,1,28.224,0.96
20111118,TRUE,11.5,sgCEBPE,0.94,90,29.4,27.636,1,27.636,0.94
20111118,TRUE,11.5,sgSPI1,1.04,90.3,29.7,30.888,1,30.888,1.04
20111118,TRUE,11.5,sgSPI1,1.07,90.3,29.7,31.779,1,31.779,1.07
20111118,TRUE,11.5,sgSPI1,1.08,90.3,29.7,32.076,1,32.076,1.08
20111118,TRUE,11.5,sgFLCN,1.25,90.3,29.7,37.125,1,37.125,1.25
20111118,TRUE,11.5,sgFLCN,1.22,90.3,29.7,36.234,1,36.234,1.22
20111118,TRUE,11.5,sgFLCN,1.11,90.3,29.7,32.967,1,32.967,1.11
20111118,TRUE,11.5,sgTSC1,1.22,90.3,29.7,36.234,1,36.234,1.22
20111118,TRUE,11.5,sgTSC1,1.18,90.3,29.7,35.046,1,35.046,1.18
20111118,TRUE,11.5,sgTSC1,1.32,90.3,29.7,39.204,1,39.204,1.32
20111118,TRUE,11.5,sgLAMTOR1,0.87,90.2,29.6,25.752,1,25.752,0.87
20111118,TRUE,11.5,sgLAMTOR1,0.84,90.2,29.6,24.864,1,24.864,0.84
20111118,TRUE,11.5,sgLAMTOR1,0.93,90.2,29.6,27.528,1,27.528,0.93
20111118,TRUE,11.5,sgRICTOR,1.12,90.3,29.7,33.264,1,33.264,1.12
20111118,TRUE,11.5,sgRICTOR,0.97,90.3,29.7,28.809,1,28.809,0.97
20111118,TRUE,11.5,sgRICTOR,1,90.3,29.7,29.7,1,29.7,1
20111119,FALSE,16,sgCtrl1,0.58,80.4,19.8,11.484,0.258883249,2.973015228,2.240392157
20111119,FALSE,16,sgCtrl1,0.63,80.4,19.8,12.474,0.258883249,3.229309645,2.433529412
20111119,FALSE,16,sgCtrl1,0.49,80.4,19.8,9.702,0.258883249,2.511685279,1.892745098
20111119,FALSE,16,sgCEBPE,0.58,80.6,20,11.6,0.257575758,2.987878788,2.251764706
20111119,FALSE,16,sgCEBPE,0.51,80.6,20,10.2,0.257575758,2.627272727,1.98
20111119,FALSE,16,sgCEBPE,0.46,80.6,20,9.2,0.257575758,2.36969697,1.785882353
20111119,FALSE,16,sgSPI1,0.31,80.3,19.7,6.107,0.257575758,1.573015152,1.203529412
20111119,FALSE,16,sgSPI1,0.44,80.3,19.7,8.668,0.257575758,2.232666667,1.708235294
20111119,FALSE,16,sgSPI1,0.41,80.3,19.7,8.077,0.257575758,2.080439394,1.591764706
20111119,FALSE,16,sgFLCN,0.58,80.6,20,11.6,0.251256281,2.914572864,2.3084
20111119,FALSE,16,sgFLCN,0.62,80.6,20,12.4,0.251256281,3.115577889,2.4676
20111119,FALSE,16,sgFLCN,0.62,80.6,20,12.4,0.251256281,3.115577889,2.4676
20111119,FALSE,16,sgTSC1,0.43,80.1,19.5,8.385,0.255102041,2.139030612,1.6856
20111119,FALSE,16,sgTSC1,0.4,80.1,19.5,7.8,0.255102041,1.989795918,1.568
20111119,FALSE,16,sgTSC1,0.51,80.1,19.5,9.945,0.255102041,2.536989796,1.9992
20111119,FALSE,16,sgLAMTOR1,0.47,80.4,19.8,9.306,0.257575758,2.397,1.824705882
20111119,FALSE,16,sgLAMTOR1,0.49,80.4,19.8,9.702,0.257575758,2.499,1.902352941
20111119,FALSE,16,sgLAMTOR1,0.47,80.4,19.8,9.306,0.257575758,2.397,1.824705882
20111119,FALSE,16,sgRICTOR,0.63,80.2,19.6,12.348,0.257575758,3.180545455,2.445882353
20111119,FALSE,16,sgRICTOR,0.71,80.2,19.6,13.916,0.257575758,3.584424242,2.756470588
20111119,FALSE,16,sgRICTOR,0.64,80.2,19.6,12.544,0.257575758,3.231030303,2.484705882
20111119,TRUE,13,sgCtrl1,1,90,29.4,29.4,1,29.4,1
20111119,TRUE,13,sgCtrl1,1.06,90,29.4,31.164,1,31.164,1.06
20111119,TRUE,13,sgCtrl1,0.98,90,29.4,28.812,1,28.812,0.98
20111119,TRUE,13,sgCEBPE,0.88,89.9,29.3,25.784,1,25.784,0.88
20111119,TRUE,13,sgCEBPE,0.93,89.9,29.3,27.249,1,27.249,0.93
20111119,TRUE,13,sgCEBPE,0.88,89.9,29.3,25.784,1,25.784,0.88
20111119,TRUE,13,sgSPI1,1.08,89.9,29.3,31.644,1,31.644,1.08
20111119,TRUE,13,sgSPI1,1.15,89.9,29.3,33.695,1,33.695,1.15
20111119,TRUE,13,sgSPI1,1.21,89.9,29.3,35.453,1,35.453,1.21
20111119,TRUE,13,sgFLCN,1.36,90.1,29.5,40.12,1,40.12,1.36
20111119,TRUE,13,sgFLCN,1.3,90.1,29.5,38.35,1,38.35,1.3
20111119,TRUE,13,sgFLCN,1.44,90.1,29.5,42.48,1,42.48,1.44
20111119,TRUE,13,sgTSC1,1.22,89.9,29.3,35.746,1,35.746,1.22
20111119,TRUE,13,sgTSC1,1.28,89.9,29.3,37.504,1,37.504,1.28
20111119,TRUE,13,sgTSC1,1.31,89.9,29.3,38.383,1,38.383,1.31
20111119,TRUE,13,sgLAMTOR1,0.98,89.9,29.3,28.714,1,28.714,0.98
20111119,TRUE,13,sgLAMTOR1,0.9,89.9,29.3,26.37,1,26.37,0.9
20111119,TRUE,13,sgLAMTOR1,0.97,89.9,29.3,28.421,1,28.421,0.97
20111119,TRUE,13,sgRICTOR,1.13,90.1,29.5,33.335,1,33.335,1.13
20111119,TRUE,13,sgRICTOR,1.1,90.1,29.5,32.45,1,32.45,1.1
20111119,TRUE,13,sgRICTOR,0.97,90.1,29.5,28.615,1,28.615,0.97
20111120,FALSE,15,sgCtrl1,0.68,79.9,19.3,13.124,0.127450215,1.672656619,5.335416667
20111120,FALSE,15,sgCtrl1,0.63,79.9,19.3,12.159,0.127450215,1.549667161,4.943106618
20111120,FALSE,15,sgCtrl1,0.63,79.9,19.3,12.159,0.127450215,1.549667161,4.943106618
20111120,FALSE,15,sgCEBPE,0.56,79.9,19.3,10.808,0.132771009,1.434989066,4.217788235
20111120,FALSE,15,sgCEBPE,0.46,79.9,19.3,8.878,0.132771009,1.178741018,3.464611765
20111120,FALSE,15,sgCEBPE,0.57,79.9,19.3,11.001,0.132771009,1.460613871,4.293105882
20111120,FALSE,15,sgSPI1,0.42,79.8,19.2,8.064,0.124164724,1.001264336,3.382603254
20111120,FALSE,15,sgSPI1,0.41,79.8,19.2,7.872,0.124164724,0.977424709,3.302065081
20111120,FALSE,15,sgSPI1,0.42,79.8,19.2,8.064,0.124164724,1.001264336,3.382603254
20111120,FALSE,15,sgFLCN,0.63,79.8,19.2,12.096,0.124977218,1.511724425,5.04091875
20111120,FALSE,15,sgFLCN,0.63,79.8,19.2,12.096,0.124977218,1.511724425,5.04091875
20111120,FALSE,15,sgFLCN,0.72,79.8,19.2,13.824,0.124977218,1.727685057,5.76105
20111120,FALSE,15,sgTSC1,0.54,79.6,19,10.26,0.127417795,1.307306576,4.238026565
20111120,FALSE,15,sgTSC1,0.47,79.6,19,8.93,0.127417795,1.137840909,3.688652751
20111120,FALSE,15,sgTSC1,0.53,79.6,19,10.07,0.127417795,1.283097195,4.159544592
20111120,FALSE,15,sgLAMTOR1,0.56,79.7,19.1,10.696,0.129462161,1.384727273,4.325588235
20111120,FALSE,15,sgLAMTOR1,0.51,79.7,19.1,9.741,0.129462161,1.261090909,3.939375
20111120,FALSE,15,sgLAMTOR1,0.58,79.7,19.1,11.078,0.129462161,1.434181818,4.480073529
20111120,FALSE,15,sgRICTOR,0.73,79.7,19.1,13.943,0.126785995,1.767777124,5.757733746
20111120,FALSE,15,sgRICTOR,0.63,79.7,19.1,12.033,0.126785995,1.525615874,4.969003096
20111120,FALSE,15,sgRICTOR,0.6,79.7,19.1,11.46,0.126785995,1.452967499,4.732383901
20111120,TRUE,14,sgCtrl1,0.82,91.3,30.7,25.174,0.942307692,23.72165385,0.870204082
20111120,TRUE,14,sgCtrl1,0.79,91.3,30.7,24.253,0.942307692,22.85378846,0.838367347
20111120,TRUE,14,sgCtrl1,0.79,91.3,30.7,24.253,0.942307692,22.85378846,0.838367347
20111120,TRUE,14,sgCEBPE,0.47,92,31.4,14.758,0.933121019,13.771,0.503686007
20111120,TRUE,14,sgCEBPE,0.47,92,31.4,14.758,0.933121019,13.771,0.503686007
20111120,TRUE,14,sgCEBPE,0.61,92,31.4,19.154,0.933121019,17.873,0.653720137
20111120,TRUE,14,sgSPI1,1.16,91.5,30.9,35.844,0.942122186,33.76942765,1.231262799
20111120,TRUE,14,sgSPI1,1.18,91.5,30.9,36.462,0.942122186,34.35165916,1.252491468
20111120,TRUE,14,sgSPI1,1.15,91.5,30.9,35.535,0.942122186,33.4783119,1.220648464
20111120,TRUE,14,sgFLCN,1.23,90.4,29.8,36.654,0.957792208,35.10691558,1.28420339
20111120,TRUE,14,sgFLCN,1.26,90.4,29.8,37.548,0.957792208,35.96318182,1.315525424
20111120,TRUE,14,sgFLCN,1.2,90.4,29.8,35.76,0.957792208,34.25064935,1.252881356
20111120,TRUE,14,sgTSC1,1.3,91.3,30.7,39.91,0.936102236,37.35984026,1.388737201
20111120,TRUE,14,sgTSC1,1.19,91.3,30.7,36.533,0.936102236,34.198623,1.271228669
20111120,TRUE,14,sgTSC1,1.28,91.3,30.7,39.296,0.936102236,36.78507348,1.367372014
20111120,TRUE,14,sgLAMTOR1,0.82,92,31.4,25.748,0.93015873,23.94972698,0.881569966
20111120,TRUE,14,sgLAMTOR1,0.74,92,31.4,23.236,0.93015873,21.61316825,0.79556314
20111120,TRUE,14,sgLAMTOR1,0.88,92,31.4,27.632,0.93015873,25.70214603,0.946075085
20111120,TRUE,14,sgRICTOR,1.07,91.3,30.7,32.849,0.960912052,31.565,1.113525424
20111120,TRUE,14,sgRICTOR,1.17,91.3,30.7,35.919,0.960912052,34.515,1.21759322
20111120,TRUE,14,sgRICTOR,1.05,91.3,30.7,32.235,0.960912052,30.975,1.092711864
20111121,FALSE,18.5,sgCtrl1,1.48,79.8,19.2,28.416,0.127450215,3.621625303,11.61237745
20111121,FALSE,18.5,sgCtrl1,1.52,79.8,19.2,29.184,0.127450215,3.719507068,11.92622549
20111121,FALSE,18.5,sgCtrl1,1.5,79.8,19.2,28.8,0.127450215,3.670566185,11.76930147
20111121,FALSE,18.5,sgCEBPE,1.54,79.8,19.2,29.568,0.132771009,3.925773196,11.59891765
20111121,FALSE,18.5,sgCEBPE,2.21,79.8,19.2,42.432,0.132771009,5.633739456,16.6452
20111121,FALSE,18.5,sgCEBPE,1.26,79.8,19.2,24.192,0.132771009,3.211996251,9.490023529
20111121,FALSE,18.5,sgSPI1,1.21,79.6,19,22.99,0.124164724,2.854547009,9.745118899
20111121,FALSE,18.5,sgSPI1,1.19,79.6,19,22.61,0.124164724,2.807364413,9.584042553
20111121,FALSE,18.5,sgSPI1,1.08,79.6,19,20.52,0.124164724,2.54786014,8.698122653
20111121,FALSE,18.5,sgFLCN,1.35,79.6,19,25.65,0.124977218,3.205665634,10.80196875
20111121,FALSE,18.5,sgFLCN,1.36,79.6,19,25.84,0.124977218,3.229411305,10.88198333
20111121,FALSE,18.5,sgFLCN,1.43,79.6,19,27.17,0.124977218,3.395631005,11.44208542
20111121,FALSE,18.5,sgTSC1,1.05,79.5,18.9,19.845,0.127417795,2.528606141,8.240607211
20111121,FALSE,18.5,sgTSC1,1.18,79.5,18.9,22.302,0.127417795,2.841671663,9.260872865
20111121,FALSE,18.5,sgTSC1,1.05,79.5,18.9,19.845,0.127417795,2.528606141,8.240607211
20111121,FALSE,18.5,sgLAMTOR1,1.28,79.7,19.1,24.448,0.129462161,3.165090909,9.887058824
20111121,FALSE,18.5,sgLAMTOR1,1.17,79.7,19.1,22.347,0.129462161,2.893090909,9.037389706
20111121,FALSE,18.5,sgLAMTOR1,1.3,79.7,19.1,24.83,0.129462161,3.214545455,10.04154412
20111121,FALSE,18.5,sgRICTOR,1.58,79.6,19,30.02,0.126785995,3.80611556,12.46194427
20111121,FALSE,18.5,sgRICTOR,1.44,79.6,19,27.36,0.126785995,3.468864814,11.35772136
20111121,FALSE,18.5,sgRICTOR,1.5,79.6,19,28.5,0.126785995,3.613400848,11.83095975
20111121,TRUE,17,sgCtrl1,0.63,91.1,30.5,19.215,0.942307692,18.10644231,0.668571429
20111121,TRUE,17,sgCtrl1,0.6,91.1,30.5,18.3,0.942307692,17.24423077,0.636734694
20111121,TRUE,17,sgCtrl1,0.59,91.1,30.5,17.995,0.942307692,16.95682692,0.626122449
20111121,TRUE,17,sgCEBPE,0.44,91.8,31.2,13.728,0.933121019,12.80988535,0.471535836
20111121,TRUE,17,sgCEBPE,0.51,91.8,31.2,15.912,0.933121019,14.84782166,0.546552901
20111121,TRUE,17,sgCEBPE,0.44,91.8,31.2,13.728,0.933121019,12.80988535,0.471535836
20111121,TRUE,17,sgSPI1,0.96,91.4,30.8,29.568,0.942122186,27.85666881,1.018976109
20111121,TRUE,17,sgSPI1,0.87,91.4,30.8,26.796,0.942122186,25.24510611,0.923447099
20111121,TRUE,17,sgSPI1,0.88,91.4,30.8,27.104,0.942122186,25.53527974,0.934061433
20111121,TRUE,17,sgFLCN,1.15,90.2,29.6,34.04,0.957792208,32.60324675,1.200677966
20111121,TRUE,17,sgFLCN,1.21,90.2,29.6,35.816,0.957792208,34.30428571,1.263322034
20111121,TRUE,17,sgFLCN,1.13,90.2,29.6,33.448,0.957792208,32.03623377,1.17979661
20111121,TRUE,17,sgTSC1,0.97,91.1,30.5,29.585,0.936102236,27.69458466,1.036211604
20111121,TRUE,17,sgTSC1,1.07,91.1,30.5,32.635,0.936102236,30.54969649,1.143037543
20111121,TRUE,17,sgTSC1,1.05,91.1,30.5,32.025,0.936102236,29.97867412,1.121672355
20111121,TRUE,17,sgLAMTOR1,0.82,91.7,31.1,25.502,0.93015873,23.72090794,0.881569966
20111121,TRUE,17,sgLAMTOR1,0.85,91.7,31.1,26.435,0.93015873,24.58874603,0.913822526
20111121,TRUE,17,sgLAMTOR1,0.88,91.7,31.1,27.368,0.93015873,25.45658413,0.946075085
20111121,TRUE,17,sgRICTOR,1.07,90.8,30.2,32.314,0.960912052,31.05091205,1.113525424
20111121,TRUE,17,sgRICTOR,1.2,90.8,30.2,36.24,0.960912052,34.82345277,1.248813559
20111121,TRUE,17,sgRICTOR,1.18,90.8,30.2,35.636,0.960912052,34.24306189,1.228
20111123,TRUE,11,sgCtrl1,0.47,91.5,30.9,14.523,0.942307692,13.68513462,0.49877551
20111123,TRUE,11,sgCtrl1,0.44,91.5,30.9,13.596,0.942307692,12.81161538,0.466938776
20111123,TRUE,11,sgCtrl1,0.37,91.5,30.9,11.433,0.942307692,10.77340385,0.392653061
20111123,TRUE,11,sgCEBPE,0.28,91.4,30.8,8.624,0.933121019,8.047235669,0.300068259
20111123,TRUE,11,sgCEBPE,0.33,91.4,30.8,10.164,0.933121019,9.484242038,0.353651877
20111123,TRUE,11,sgCEBPE,0.28,91.4,30.8,8.624,0.933121019,8.047235669,0.300068259
20111123,TRUE,11,sgSPI1,0.97,91.5,30.9,29.973,0.942122186,28.2382283,1.029590444
20111123,TRUE,11,sgSPI1,1.06,91.5,30.9,32.754,0.942122186,30.8582701,1.125119454
20111123,TRUE,11,sgSPI1,0.98,91.5,30.9,30.282,0.942122186,28.52934405,1.040204778
20111123,TRUE,11,sgFLCN,1.4,91.6,31,43.4,0.957792208,41.56818182,1.461694915
20111123,TRUE,11,sgFLCN,1.25,91.6,31,38.75,0.957792208,37.11444805,1.305084746
20111123,TRUE,11,sgFLCN,1.27,91.6,31,39.37,0.957792208,37.70827922,1.325966102
20111123,TRUE,11,sgTSC1,0.75,91.1,30.5,22.875,0.936102236,21.41333866,0.801194539
20111123,TRUE,11,sgTSC1,0.84,91.1,30.5,25.62,0.936102236,23.9829393,0.897337884
20111123,TRUE,11,sgTSC1,0.84,91.1,30.5,25.62,0.936102236,23.9829393,0.897337884
20111123,TRUE,11,sgLAMTOR1,0.73,91.6,31,22.63,0.93015873,21.04949206,0.784812287
20111123,TRUE,11,sgLAMTOR1,0.73,91.6,31,22.63,0.93015873,21.04949206,0.784812287
20111123,TRUE,11,sgLAMTOR1,0.7,91.6,31,21.7,0.93015873,20.18444444,0.752559727
20111123,TRUE,11,sgRICTOR,0.71,91.6,31,22.01,0.960912052,21.14967427,0.738881356
20111123,TRUE,11,sgRICTOR,0.6,91.6,31,18.6,0.960912052,17.87296417,0.62440678
20111123,TRUE,11,sgRICTOR,0.68,91.6,31,21.08,0.960912052,20.25602606,0.707661017
20111126,TRUE,9,sgCtrl1,0.12,90.6,30,3.6,0.942307692,3.392307692,0.127346939
20111126,TRUE,9,sgCtrl1,0.14,90.6,30,4.2,0.942307692,3.957692308,0.148571429
20111126,TRUE,9,sgCtrl1,0.13,90.6,30,3.9,0.942307692,3.675,0.137959184
20111126,TRUE,9,sgCEBPE,0.1,91,30.4,3.04,0.933121019,2.836687898,0.107167235
20111126,TRUE,9,sgCEBPE,0.09,91,30.4,2.736,0.933121019,2.553019108,0.096450512
20111126,TRUE,9,sgCEBPE,0.15,91,30.4,4.56,0.933121019,4.255031847,0.160750853
20111126,TRUE,9,sgSPI1,0.71,91.1,30.5,21.655,0.942122186,20.40165595,0.753617747
20111126,TRUE,9,sgSPI1,0.69,91.1,30.5,21.045,0.942122186,19.82696141,0.732389078
20111126,TRUE,9,sgSPI1,0.55,91.1,30.5,16.775,0.942122186,15.80409968,0.583788396
20111126,TRUE,9,sgFLCN,1,90.7,30.1,30.1,0.957792208,28.82954545,1.044067797
20111126,TRUE,9,sgFLCN,1.01,90.7,30.1,30.401,0.957792208,29.11784091,1.054508475
20111126,TRUE,9,sgFLCN,0.98,90.7,30.1,29.498,0.957792208,28.25295455,1.023186441
20111126,TRUE,9,sgTSC1,0.3,90.9,30.3,9.09,0.936102236,8.509169329,0.320477816
20111126,TRUE,9,sgTSC1,0.26,90.9,30.3,7.878,0.936102236,7.374613419,0.27774744
20111126,TRUE,9,sgTSC1,0.24,90.9,30.3,7.272,0.936102236,6.807335463,0.256382253
20111126,TRUE,9,sgLAMTOR1,0.44,90.7,30.1,13.244,0.93015873,12.31902222,0.473037543
20111126,TRUE,9,sgLAMTOR1,0.52,90.7,30.1,15.652,0.93015873,14.55884444,0.559044369
20111126,TRUE,9,sgLAMTOR1,0.47,90.7,30.1,14.147,0.93015873,13.15895556,0.505290102
20111126,TRUE,9,sgRICTOR,0.17,91.3,30.7,5.219,0.960912052,5.015,0.176915254
20111126,TRUE,9,sgRICTOR,0.26,91.3,30.7,7.982,0.960912052,7.67,0.270576271
20111126,TRUE,9,sgRICTOR,0.25,91.3,30.7,7.675,0.960912052,7.375,0.260169492
20211129,TRUE,9,sgCtrl1,0.03,90.6,30,0.9,0.942307692,0.848076923,0.031836735
20211129,TRUE,9,sgCtrl1,0.02,90.6,30,0.6,0.942307692,0.565384615,0.02122449
20211129,TRUE,9,sgCtrl1,0.02,90.6,30,0.6,0.942307692,0.565384615,0.02122449
20211129,TRUE,9,sgCEBPE,0.01,91,30.4,0.304,0.933121019,0.28366879,0.010716724
20211129,TRUE,9,sgCEBPE,0.01,91,30.4,0.304,0.933121019,0.28366879,0.010716724
20211129,TRUE,9,sgCEBPE,0.02,91,30.4,0.608,0.933121019,0.56733758,0.021433447
20211129,TRUE,9,sgSPI1,0.5,91.1,30.5,15.25,0.942122186,14.36736334,0.530716724
20211129,TRUE,9,sgSPI1,0.33,91.1,30.5,10.065,0.942122186,9.482459807,0.350273038
20211129,TRUE,9,sgSPI1,0.41,91.1,30.5,12.505,0.942122186,11.78123794,0.435187713
20211129,TRUE,9,sgFLCN,0.6,90.7,30.1,18.06,0.957792208,17.29772727,0.626440678
20211129,TRUE,9,sgFLCN,0.71,90.7,30.1,21.371,0.957792208,20.46897727,0.741288136
20211129,TRUE,9,sgFLCN,0.67,90.7,30.1,20.167,0.957792208,19.31579545,0.699525424
20211129,TRUE,9,sgTSC1,0.04,90.9,30.3,1.212,0.936102236,1.134555911,0.042730375
20211129,TRUE,9,sgTSC1,0.08,90.9,30.3,2.424,0.936102236,2.269111821,0.085460751
20211129,TRUE,9,sgTSC1,0.06,90.9,30.3,1.818,0.936102236,1.701833866,0.064095563
20211129,TRUE,9,sgLAMTOR1,0.37,90.7,30.1,11.137,0.93015873,10.35917778,0.39778157
20211129,TRUE,9,sgLAMTOR1,0.42,90.7,30.1,12.642,0.93015873,11.75906667,0.451535836
20211129,TRUE,9,sgLAMTOR1,0.37,90.7,30.1,11.137,0.93015873,10.35917778,0.39778157
20211129,TRUE,9,sgRICTOR,0.05,91.3,30.7,1.535,0.960912052,1.475,0.052033898
20211129,TRUE,9,sgRICTOR,0.04,91.3,30.7,1.228,0.960912052,1.18,0.041627119
20211129,TRUE,9,sgRICTOR,0.03,91.3,30.7,0.921,0.960912052,0.885,0.031220339